ora,seq,"event_type","content_id","payload"
2026-09-03 08:41:09.340,1,"SESSION_START","rai-news-live","{""autoplay"":true}"
2026-09-03 08:41:09.342,2,"PLAY_REQUEST","rai-news-live","{}"
2026-09-03 08:41:11.486,3,"CDN_REQUEST","rai-news-live","{""cdn_name"":""mainstreaming"",""request_type"":""segment"",""media_type"":""muxed"",""http_status"":200,""ttfb_ms"":71.5,""duration_ms"":255.40000000037253,""bytes"":660080,""throughput_kbps"":20676,""sequence_number"":371828}"
2026-09-03 08:41:11.697,4,"CDN_REQUEST","rai-news-live","{""cdn_name"":""mainstreaming"",""request_type"":""segment"",""media_type"":""muxed"",""http_status"":200,""ttfb_ms"":30.200000000186265,""duration_ms"":138.70000000018626,""bytes"":685648,""throughput_kbps"":39547,""sequence_number"":371829}"
2026-09-03 08:41:11.850,5,"CDN_REQUEST","rai-news-live","{""cdn_name"":""mainstreaming"",""request_type"":""segment"",""media_type"":""muxed"",""http_status"":200,""ttfb_ms"":28.399999999441206,""duration_ms"":136.69999999925494,""bytes"":684896,""throughput_kbps"":40082,""sequence_number"":371830}"
2026-09-03 08:41:11.852,6,"BITRATE_CHANGE","rai-news-live","{""previous_bitrate_kbps"":0,""new_bitrate_kbps"":2537,""previous_resolution"":""unknown"",""new_resolution"":""1280x720"",""reason"":""auto"",""playback_position_s"":13.568245,""codec"":""avc1.4d401f,mp4a.40.2""}"
2026-09-03 08:41:11.853,7,"FIRST_FRAME","rai-news-live","{""startup_time_ms"":2511}"
2026-09-03 08:41:11.854,8,"JOIN_TIME","rai-news-live","{""join_time_ms"":2514}"
2026-09-03 08:41:12.020,9,"CDN_REQUEST","rai-news-live","{""cdn_name"":""mainstreaming"",""request_type"":""segment"",""media_type"":""muxed"",""http_status"":200,""ttfb_ms"":28.5,""duration_ms"":153.09999999962747,""bytes"":704256,""throughput_kbps"":36800,""sequence_number"":371831}"
2026-09-03 08:41:13.802,10,"CDN_REQUEST","rai-news-live","{""cdn_name"":""mainstreaming"",""request_type"":""segment"",""media_type"":""muxed"",""http_status"":200,""ttfb_ms"":42.5,""duration_ms"":144.29999999981374,""bytes"":692784,""throughput_kbps"":38408,""sequence_number"":371832}"
2026-09-03 08:41:13.870,11,"LIVE_LATENCY","rai-news-live","{""latency_s"":6.715805229175491,""playback_position_s"":15.512034}"
2026-09-03 08:41:15.801,12,"CDN_REQUEST","rai-news-live","{""cdn_name"":""mainstreaming"",""request_type"":""segment"",""media_type"":""muxed"",""http_status"":200,""ttfb_ms"":39,""duration_ms"":139.20000000018626,""bytes"":680384,""throughput_kbps"":39103,""sequence_number"":371833}"
2026-09-03 08:41:18.703,13,"CDN_REQUEST","rai-news-live","{""cdn_name"":""mainstreaming"",""request_type"":""segment"",""media_type"":""muxed"",""http_status"":200,""ttfb_ms"":31.59999999962747,""duration_ms"":147,""bytes"":741664,""throughput_kbps"":40363,""sequence_number"":371834}"
2026-09-03 08:41:20.693,14,"CDN_REQUEST","rai-news-live","{""cdn_name"":""mainstreaming"",""request_type"":""segment"",""media_type"":""muxed"",""http_status"":200,""ttfb_ms"":30.59999999962747,""duration_ms"":124.79999999981374,""bytes"":609504,""throughput_kbps"":39071,""sequence_number"":371835}"
2026-09-03 08:41:20.861,15,"CDN_REQUEST","rai-news-live","{""cdn_name"":""mainstreaming"",""request_type"":""segment"",""media_type"":""muxed"",""http_status"":200,""ttfb_ms"":29.59999999962747,""duration_ms"":153.5,""bytes"":774944,""throughput_kbps"":40388,""sequence_number"":371836}"
2026-09-03 08:41:23.688,16,"CDN_REQUEST","rai-news-live","{""cdn_name"":""mainstreaming"",""request_type"":""segment"",""media_type"":""muxed"",""http_status"":200,""ttfb_ms"":30.200000000186265,""duration_ms"":133.30000000074506,""bytes"":655568,""throughput_kbps"":39344,""sequence_number"":371837}"
2026-09-03 08:41:25.687,17,"CDN_REQUEST","rai-news-live","{""cdn_name"":""mainstreaming"",""request_type"":""segment"",""media_type"":""muxed"",""http_status"":200,""ttfb_ms"":30.799999999813735,""duration_ms"":135.79999999981374,""bytes"":672480,""throughput_kbps"":39616,""sequence_number"":371838}"
2026-09-03 08:41:27.521,18,"HEARTBEAT","rai-news-live","{""playback_position_s"":18.20071,""current_bitrate_kbps"":2537,""current_resolution"":""1280x720"",""is_buffering"":false,""rebuffer_time_ms"":0,""buffer_length_s"":15.79929,""bandwidth_estimate_kbps"":41714.68833515573,""decoded_video_frames"":134,""dropped_video_frames"":0,""playback_rate"":1,""live_latency_s"":15.800390097656248}"
2026-09-03 08:41:27.690,19,"CDN_REQUEST","rai-news-live","{""cdn_name"":""mainstreaming"",""request_type"":""segment"",""media_type"":""muxed"",""http_status"":200,""ttfb_ms"":32.200000000186265,""duration_ms"":133.40000000037253,""bytes"":638832,""throughput_kbps"":38311,""sequence_number"":371839}"
2026-09-03 08:41:28.805,20,"CDN_REQUEST","rai-news-live","{""cdn_name"":""mainstreaming"",""request_type"":""segment"",""media_type"":""muxed"",""http_status"":200,""ttfb_ms"":37.799999999813735,""duration_ms"":151.8999999994412,""bytes"":728512,""throughput_kbps"":38368,""sequence_number"":371840}"
2026-09-03 08:41:32.690,21,"CDN_REQUEST","rai-news-live","{""cdn_name"":""mainstreaming"",""request_type"":""segment"",""media_type"":""muxed"",""http_status"":200,""ttfb_ms"":31.200000000186265,""duration_ms"":135.79999999981374,""bytes"":675488,""throughput_kbps"":39793,""sequence_number"":371841}"
2026-09-03 08:41:32.842,22,"CDN_REQUEST","rai-news-live","{""cdn_name"":""mainstreaming"",""request_type"":""segment"",""media_type"":""muxed"",""http_status"":200,""ttfb_ms"":36.299999999813735,""duration_ms"":140.19999999925494,""bytes"":668352,""throughput_kbps"":38137,""sequence_number"":371842}"
2026-09-03 08:41:35.692,23,"CDN_REQUEST","rai-news-live","{""cdn_name"":""mainstreaming"",""request_type"":""segment"",""media_type"":""muxed"",""http_status"":200,""ttfb_ms"":33.09999999962747,""duration_ms"":138.8999999994412,""bytes"":682080,""throughput_kbps"":39285,""sequence_number"":371843}"
2026-09-03 08:41:37.704,24,"CDN_REQUEST","rai-news-live","{""cdn_name"":""mainstreaming"",""request_type"":""segment"",""media_type"":""muxed"",""http_status"":200,""ttfb_ms"":33,""duration_ms"":149.5,""bytes"":745056,""throughput_kbps"":39869,""sequence_number"":371844}"
2026-09-03 08:41:39.693,25,"CDN_REQUEST","rai-news-live","{""cdn_name"":""mainstreaming"",""request_type"":""segment"",""media_type"":""muxed"",""http_status"":200,""ttfb_ms"":30.600000000558794,""duration_ms"":131.1000000005588,""bytes"":641648,""throughput_kbps"":39155,""sequence_number"":371845}"
2026-09-03 08:41:41.695,26,"CDN_REQUEST","rai-news-live","{""cdn_name"":""mainstreaming"",""request_type"":""segment"",""media_type"":""muxed"",""http_status"":200,""ttfb_ms"":33.09999999962747,""duration_ms"":142.09999999962747,""bytes"":703312,""throughput_kbps"":39595,""sequence_number"":371846}"
2026-09-03 08:41:42.519,27,"HEARTBEAT","rai-news-live","{""playback_position_s"":21.256146,""current_bitrate_kbps"":2537,""current_resolution"":""1280x720"",""is_buffering"":false,""rebuffer_time_ms"":0,""buffer_length_s"":28.711449,""bandwidth_estimate_kbps"":43556.47788096152,""decoded_video_frames"":210,""dropped_video_frames"":0,""playback_rate"":1,""live_latency_s"":28.76198143764187}"
2026-09-03 08:41:43.693,28,"CDN_REQUEST","rai-news-live","{""cdn_name"":""mainstreaming"",""request_type"":""segment"",""media_type"":""muxed"",""http_status"":200,""ttfb_ms"":32.90000000037253,""duration_ms"":135.6000000005588,""bytes"":656128,""throughput_kbps"":38710,""sequence_number"":371847}"
2026-09-03 08:41:44.519,29,"LIVE_LATENCY","rai-news-live","{""latency_s"":30.744553951171874,""playback_position_s"":21.256146}"
2026-09-03 08:41:45.698,30,"CDN_REQUEST","rai-news-live","{""cdn_name"":""mainstreaming"",""request_type"":""segment"",""media_type"":""muxed"",""http_status"":200,""ttfb_ms"":31.899999999441206,""duration_ms"":142.20000000018626,""bytes"":706896,""throughput_kbps"":39769,""sequence_number"":371848}"
2026-09-03 08:41:47.458,31,"CDN_REQUEST","rai-news-live","{""cdn_name"":""mainstreaming"",""request_type"":""segment"",""media_type"":""muxed"",""http_status"":200,""ttfb_ms"":30.40000000037253,""duration_ms"":134.5,""bytes"":673056,""throughput_kbps"":40033,""sequence_number"":371849}"
2026-09-03 08:41:49.793,32,"CDN_REQUEST","rai-news-live","{""cdn_name"":""mainstreaming"",""request_type"":""segment"",""media_type"":""muxed"",""http_status"":200,""ttfb_ms"":31.90000000037253,""duration_ms"":138.6000000005588,""bytes"":690720,""throughput_kbps"":39868,""sequence_number"":371850}"
2026-09-03 08:41:51.804,33,"CDN_REQUEST","rai-news-live","{""cdn_name"":""mainstreaming"",""request_type"":""segment"",""media_type"":""muxed"",""http_status"":200,""ttfb_ms"":30.90000000037253,""duration_ms"":145.30000000074506,""bytes"":732080,""throughput_kbps"":40307,""sequence_number"":371851}"
2026-09-03 08:41:53.792,34,"CDN_REQUEST","rai-news-live","{""cdn_name"":""mainstreaming"",""request_type"":""segment"",""media_type"":""muxed"",""http_status"":200,""ttfb_ms"":32.59999999962747,""duration_ms"":138.40000000037253,""bytes"":677568,""throughput_kbps"":39166,""sequence_number"":371852}"
2026-09-03 08:41:55.795,35,"CDN_REQUEST","rai-news-live","{""cdn_name"":""mainstreaming"",""request_type"":""segment"",""media_type"":""muxed"",""http_status"":200,""ttfb_ms"":31.299999999813735,""duration_ms"":141.79999999981374,""bytes"":717040,""throughput_kbps"":40454,""sequence_number"":371853}"
2026-09-03 08:41:56.855,36,"HEARTBEAT","rai-news-live","{""playback_position_s"":30.879223,""current_bitrate_kbps"":2537,""current_resolution"":""1280x720"",""is_buffering"":false,""rebuffer_time_ms"":0,""buffer_length_s"":33.090005000000005,""bandwidth_estimate_kbps"":44597.29295067422,""decoded_video_frames"":451,""dropped_video_frames"":0,""playback_rate"":1,""live_latency_s"":34.32259309765625}"
2026-09-03 08:41:57.790,37,"CDN_REQUEST","rai-news-live","{""cdn_name"":""mainstreaming"",""request_type"":""segment"",""media_type"":""muxed"",""http_status"":200,""ttfb_ms"":30.899999999441206,""duration_ms"":135.79999999981374,""bytes"":675120,""throughput_kbps"":39771,""sequence_number"":371854}"
2026-09-03 08:41:59.788,38,"CDN_REQUEST","rai-news-live","{""cdn_name"":""mainstreaming"",""request_type"":""segment"",""media_type"":""muxed"",""http_status"":200,""ttfb_ms"":31.5,""duration_ms"":135.20000000018626,""bytes"":664784,""throughput_kbps"":39336,""sequence_number"":371855}"
2026-09-03 08:42:01.792,39,"CDN_REQUEST","rai-news-live","{""cdn_name"":""mainstreaming"",""request_type"":""segment"",""media_type"":""muxed"",""http_status"":200,""ttfb_ms"":30.09999999962747,""duration_ms"":140.59999999962747,""bytes"":702944,""throughput_kbps"":39997,""sequence_number"":371856}"
2026-09-03 08:42:02.810,40,"SESSION_END","rai-news-live","{""watch_time_s"":50.957,""completion_pct"":null,""reason"":""user_stop"",""rebuffer_count"":0,""rebuffer_time_s"":0,""bitrate_change_count"":1,""startup_time_ms"":2511,""avg_throughput_kbps"":38735.24137931035,""avg_ttfb_ms"":33.60689655164706}"